{
  "vels": [
    [
      8.992812402729117,
      1.1113614253784723,
      0.10000000000000125
    ],
    [
      9.54273882744824,
      2.4192772610427564,
      0.5474851926348174
    ],
    [
      10.001470772541124,
      3.896252341321895,
      3.4962253005506967
    ],
    [
      10.485501991863824,
      6.397490554715467,
      9.538907538249651
    ],
    [
      10.989571807839367,
      9.92586613677928,
      15.107346025285212
    ],
    [
      11.524610612098726,
      15.218352418050934,
      5.1210316879401265
    ],
    [
      12.001326916128983,
      16.764713816095643,
      0.11037868020212967
    ],
    [
      12.532763944294706,
      35.67989299427965,
      1.6104139702712659
    ],
    [
      13.026396934337171,
      71.77949289765613,
      34.423954704278884
    ]
  ],
  "dens": [
    [
      8.980704921967792,
      0.9366028179529159,
      0.1000000000000008
    ],
    [
      9.518750759393262,
      2.830222941032992,
      0.13257338851755363
    ],
    [
      10.012045164532312,
      5.318944705109556,
      0.9324584568284796
    ],
    [
      10.498488872156207,
      7.715555464578514,
      4.8141438397957845
    ],
    [
      11.007452694396147,
      14.796256426873814,
      3.8801829967927546
    ],
    [
      11.536978834391665,
      24.10553704560972,
      0.3010205982003259
    ],
    [
      12.001636537992345,
      16.917179323683403,
      0.10000000002533713
    ],
    [
      12.531567357144745,
      46.27872878616853,
      0.10244880842323757
    ],
    [
      13.056286792611447,
      157.26434393172684,
      0.8249279514735911
    ]
  ]
}