{
  "vels": [
    [
      8.996885848191058,
      1.2012912584549666,
      1.5871583139516732
    ],
    [
      9.496985228748194,
      1.9806809572143418,
      2.668846793272854
    ],
    [
      9.997357040907989,
      3.2747062069737507,
      4.3889040446271865
    ],
    [
      10.498532717695236,
      5.457947428841387,
      6.769830588234281
    ],
    [
      11.001845765257979,
      9.254999161108827,
      8.758625917560336
    ],
    [
      11.507380753729004,
      15.789443719484272,
      7.719970587055877
    ],
    [
      11.990791629552923,
      23.244350627644433,
      5.957339724281759
    ],
    [
      12.490056774546309,
      38.10613394927751,
      8.11858534467078
    ],
    [
      13.014829927887464,
      74.02688256035178,
      20.001256103597974
    ]
  ],
  "dens": [
    [
      9.00157719422293,
      1.2071496989193262,
      1.832482437827694
    ],
    [
      9.501789673727568,
      1.9892908752167147,
      3.096263492613467
    ],
    [
      10.001656347544305,
      3.286194891485254,
      4.990289409833573
    ],
    [
      10.500818373405986,
      5.4714338613836375,
      7.183677854131162
    ],
    [
      10.999593061620567,
      9.287866127516445,
      8.088562771713901
    ],
    [
      11.501604840985511,
      16.140921732163743,
      6.239072803355789
    ],
    [
      11.999191200209726,
      23.95448884377788,
      5.241395408354465
    ],
    [
      12.499485746537037,
      39.49189293601708,
      6.956856688269733
    ],
    [
      13.00610820987236,
      78.26973730935573,
      13.195752595029692
    ]
  ]
}